{"Walls": [[0.0, 520.0, [[-965.0, -5.0], [965.0, -5.0], [965.0, 5.0], [-965.0, 5.0]]], [960.0, -10.0, [[-5.0, -535.0], [5.0, -535.0], [5.0, 535.0], [-5.0, 535.0]]], [0.0, -540.0, [[-965.0, -5.0], [965.0, -5.0], [965.0, 5.0], [-965.0, 5.0]]], [-960.0, -10.0, [[-5.0, -535.0], [5.0, -535.0], [5.0, 535.0], [-5.0, 535.0]]], [-940.0, -10.0, [[-5.0, -535.0], [5.0, -535.0], [5.0, 535.0], [-5.0, 535.0]]], [0.0, 500.0, [[-965.0, -5.0], [965.0, -5.0], [965.0, 5.0], [-965.0, 5.0]]], [940.0, -10.0, [[-5.0, -535.0], [5.0, -535.0], [5.0, 535.0], [-5.0, 535.0]]], [0.0, -520.0, [[-965.0, -5.0], [965.0, -5.0], [965.0, 5.0], [-965.0, 5.0]]], [-840.0, 440.0, [[-5.0, -45.0], [5.0, -45.0], [5.0, 45.0], [-5.0, 45.0]]], [-820.0, 430.0, [[-5.0, -55.0], [5.0, -55.0], [5.0, 55.0], [-5.0, 55.0]]], [-870.0, 400.0, [[-15.0, -5.0], [15.0, -5.0], [15.0, 5.0], [-15.0, 5.0]]], [-860.0, 380.0, [[-25.0, -5.0], [25.0, -5.0], [25.0, 5.0], [-25.0, 5.0]]], [-850.0, -400.0, [[-35.0, -5.0], [35.0, -5.0], [35.0, 5.0], [-35.0, 5.0]]], [-820.0, -430.0, [[-5.0, -35.0], [5.0, -35.0], [5.0, 35.0], [-5.0, 35.0]]], [820.0, -430.0, [[-5.0, -35.0], [5.0, -35.0], [5.0, 35.0], [-5.0, 35.0]]], [850.0, -400.0, [[-35.0, -5.0], [35.0, -5.0], [35.0, 5.0], [-35.0, 5.0]]], [820.0, 410.0, [[-5.0, -35.0], [5.0, -35.0], [5.0, 35.0], [-5.0, 35.0]]], [850.0, 380.0, [[-35.0, -5.0], [35.0, -5.0], [35.0, 5.0], [-35.0, 5.0]]]], "Box": [], "Barrel": [], "Enemy": [[4.603174603174637, -17.142857142857117]], "Player": [[-898.0, 449.0]], "Items": [[-881.0924369747898, -423.8655462184874, 4], [-854.2016806722688, -460.0, 5], [846.3025210084033, -461.68067226890753, 4], [876.5546218487394, -423.0252100840336, 5], [840.4201680672269, 439.66386554621846, 5], [887.4789915966386, 398.4873949579832, 4]], "Heal": []}